{"stats":{"minecraft:custom":{"minecraft:time_since_rest":17525,"minecraft:play_time":29545,"minecraft:sprint_one_cm":45415,"minecraft:damage_taken":1050,"minecraft:walk_one_cm":28132,"minecraft:deaths":4,"minecraft:walk_under_water_one_cm":672,"minecraft:drop":2,"minecraft:jump":430,"minecraft:damage_dealt":146,"minecraft:leave_game":3,"minecraft:time_since_death":17492,"minecraft:walk_on_water_one_cm":897,"minecraft:total_world_time":29545,"minecraft:climb_one_cm":213,"minecraft:swim_one_cm":22710,"minecraft:fly_one_cm":265872,"minecraft:fall_one_cm":18496},"minecraft:dropped":{"minecraft:tnt":2},"minecraft:picked_up":{"minecraft:tnt":13,"minecraft:sea_pickle":3,"minecraft:dandelion":1,"minecraft:wheat_seeds":1,"minecraft:dirt":16,"minecraft:egg":2},"minecraft:mined":{"minecraft:grass":22,"minecraft:grass_block":8,"minecraft:bubble_coral_wall_fan":2,"minecraft:dirt":9,"minecraft:sea_pickle":1,"minecraft:brain_coral_fan":1,"minecraft:tall_grass":4,"minecraft:tnt":17,"minecraft:brain_coral":1,"minecraft:fern":1},"minecraft:killed_by":{"minecraft:spider":1},"minecraft:used":{"minecraft:torch":1,"minecraft:enderman_spawn_egg":3,"mutantmonsters:spider_pig_spawn_egg":3,"minecraft:cow_spawn_egg":8,"minecraft:dirt":16,"minecraft:tnt":4,"minecraft:pig_spawn_egg":6,"minecraft:sea_pickle":3,"minecraft:egg":2}},"DataVersion":3120}