{"stats":{"minecraft:killed":{"minecraft:sheep":1,"minecraft:horse":4,"minecraft:bat":1,"minecraft:pig":11,"minecraft:chicken":6,"minecraft:cow":1},"minecraft:custom":{"minecraft:time_since_rest":9869,"minecraft:crouch_one_cm":122,"minecraft:sprint_one_cm":4043,"minecraft:play_time":9869,"minecraft:damage_taken":16,"minecraft:damage_absorbed":112,"minecraft:walk_one_cm":14699,"minecraft:sneak_time":64,"minecraft:damage_blocked_by_shield":430,"minecraft:walk_under_water_one_cm":1431,"minecraft:mob_kills":24,"minecraft:jump":88,"minecraft:damage_dealt":80,"minecraft:leave_game":2,"minecraft:time_since_death":9869,"minecraft:walk_on_water_one_cm":414,"minecraft:total_world_time":9869,"minecraft:damage_resisted":32,"minecraft:swim_one_cm":717,"minecraft:fall_one_cm":1437,"minecraft:fly_one_cm":69220},"minecraft:mined":{"minecraft:grass_block":5,"minecraft:tall_grass":2},"minecraft:picked_up":{"minecraft:wheat_seeds":1,"minecraft:mutton":2,"minecraft:dirt":5,"minecraft:white_wool":1},"minecraft:used":{"minecraft:dirt":43,"minecraft:skeleton_spawn_egg":2,"minecraft:flint_and_steel":2,"minecraft:shield":11,"minecraft:enchanted_golden_apple":1}},"DataVersion":3120}