{"stats":{"minecraft:used":{"minecraft:dirt":46,"minecraft:skeleton_spawn_egg":2,"minecraft:flint_and_steel":5,"minecraft:tnt":47,"minecraft:shield":11,"minecraft:sheep_spawn_egg":310,"minecraft:mangrove_fence":28,"minecraft:enchanted_golden_apple":1},"minecraft:mined":{"minecraft:grass_block":5,"minecraft:mangrove_fence":1,"minecraft:dirt":2,"minecraft:tall_grass":2},"minecraft:killed":{"minecraft:sheep":1,"minecraft:horse":4,"minecraft:bat":1,"minecraft:pig":11,"minecraft:chicken":6,"minecraft:cow":2},"minecraft:picked_up":{"minecraft:wheat_seeds":1,"minecraft:mutton":2,"minecraft:dirt":6,"minecraft:white_wool":1},"minecraft:custom":{"minecraft:time_since_rest":14161,"minecraft:crouch_one_cm":269,"minecraft:sprint_one_cm":5856,"minecraft:play_time":14161,"minecraft:damage_absorbed":112,"minecraft:damage_taken":16,"minecraft:walk_one_cm":22892,"minecraft:damage_blocked_by_shield":430,"minecraft:sneak_time":242,"minecraft:walk_under_water_one_cm":2949,"minecraft:mob_kills":25,"minecraft:jump":108,"minecraft:damage_dealt":80,"minecraft:leave_game":3,"minecraft:time_since_death":14161,"minecraft:walk_on_water_one_cm":803,"minecraft:total_world_time":14161,"minecraft:damage_resisted":32,"minecraft:swim_one_cm":717,"minecraft:fall_one_cm":1706,"minecraft:fly_one_cm":196211}},"DataVersion":3120}