{"stats":{"minecraft:killed":{"minecraft:sheep":1,"minecraft:horse":2,"minecraft:bat":1,"minecraft:pig":7,"minecraft:chicken":5},"minecraft:custom":{"minecraft:time_since_rest":9475,"minecraft:crouch_one_cm":122,"minecraft:play_time":9475,"minecraft:sprint_one_cm":4043,"minecraft:damage_absorbed":112,"minecraft:walk_one_cm":14597,"minecraft:sneak_time":51,"minecraft:damage_blocked_by_shield":430,"minecraft:walk_under_water_one_cm":1431,"minecraft:mob_kills":16,"minecraft:jump":88,"minecraft:damage_dealt":80,"minecraft:leave_game":1,"minecraft:walk_on_water_one_cm":414,"minecraft:time_since_death":9475,"minecraft:total_world_time":9475,"minecraft:damage_resisted":28,"minecraft:swim_one_cm":717,"minecraft:fall_one_cm":1031,"minecraft:fly_one_cm":46865},"minecraft:mined":{"minecraft:grass_block":5,"minecraft:tall_grass":2},"minecraft:picked_up":{"minecraft:wheat_seeds":1,"minecraft:mutton":2,"minecraft:dirt":5,"minecraft:white_wool":1},"minecraft:used":{"minecraft:dirt":43,"minecraft:skeleton_spawn_egg":2,"minecraft:flint_and_steel":1,"minecraft:shield":11,"minecraft:enchanted_golden_apple":1}},"DataVersion":3120}