{"stats":{"minecraft:custom":{"minecraft:time_since_rest":32022,"minecraft:walk_one_cm":46209,"minecraft:sprint_one_cm":19105,"minecraft:damage_taken":211,"minecraft:damage_absorbed":112,"minecraft:damage_blocked_by_shield":430,"minecraft:mob_kills":28,"minecraft:drop":5,"minecraft:damage_dealt":450,"minecraft:swim_one_cm":717,"minecraft:fly_one_cm":269513,"minecraft:crouch_one_cm":352,"minecraft:play_time":32022,"minecraft:sneak_time":250,"minecraft:walk_under_water_one_cm":2949,"minecraft:jump":381,"minecraft:leave_game":6,"minecraft:walk_on_water_one_cm":1332,"minecraft:time_since_death":32022,"minecraft:total_world_time":32022,"minecraft:damage_resisted":32,"minecraft:fall_one_cm":2209},"minecraft:used":{"minecraft:creeper_spawn_egg":4,"creeperoverhaul:jungle_creeper_spawn_egg":1,"mutantmonsters:mutant_creeper_spawn_egg":1,"minecraft:water_bucket":1,"minecraft:flint_and_steel":5,"minecraft:shield":11,"minecraft:mangrove_fence":28,"minecraft:sheep_spawn_egg":310,"minecraft:white_wool":321,"minecraft:dirt":46,"minecraft:skeleton_spawn_egg":2,"minecraft:tnt":48,"minecraft:enchanted_golden_apple":1},"minecraft:picked_up":{"minecraft:dirt":6,"minecraft:wheat_seeds":2,"minecraft:mutton":7,"minecraft:white_wool":4,"minecraft:oxeye_daisy":1},"minecraft:dropped":{"minecraft:tnt":1,"minecraft:white_wool":3,"minecraft:flint_and_steel":1},"minecraft:killed":{"minecraft:sheep":4,"minecraft:horse":4,"minecraft:pig":11,"minecraft:chicken":6,"minecraft:bat":1,"minecraft:cow":2},"minecraft:mined":{"minecraft:grass_block":5,"minecraft:mangrove_fence":1,"minecraft:dirt":2,"minecraft:tall_grass":2}},"DataVersion":3120}